<?xml version="1.0" encoding="utf-8"?>
<edmx:Edmx Version="4.0" xmlns:edmx="http://docs.oasis-open.org/odata/ns/edmx">
    <edmx:Reference Uri="https://sap.github.io/odata-vocabularies/vocabularies/Common.xml">
        <edmx:Include Alias="Common" Namespace="com.sap.vocabularies.Common.v1"/>
    </edmx:Reference>
    <edmx:Reference Uri="https://oasis-tcs.github.io/odata-vocabularies/vocabularies/Org.OData.Core.V1.xml">
        <edmx:Include Alias="Core" Namespace="Org.OData.Core.V1"/>
    </edmx:Reference>
    <edmx:Reference Uri="https://sap.github.io/odata-vocabularies/vocabularies/UI.xml">
        <edmx:Include Alias="UI" Namespace="com.sap.vocabularies.UI.v1"/>
    </edmx:Reference>
    <edmx:DataServices>
        <Schema Namespace="materialmanagementService" xmlns="http://docs.oasis-open.org/odata/ns/edm">
            <EntityContainer Name="EntityContainer">
                <EntitySet Name="Materials" EntityType="materialmanagementService.Materials">
                    <NavigationPropertyBinding Path="plant" Target="MaterialPlant"/>
                    <NavigationPropertyBinding Path="SalesOrderNumber" Target="A_SalesOrder"/>
                    <NavigationPropertyBinding Path="SiblingEntity" Target="Materials"/>
                </EntitySet>
                <EntitySet Name="MaterialPlant" EntityType="materialmanagementService.MaterialPlant">
                    <NavigationPropertyBinding Path="materials" Target="Materials"/>
                    <NavigationPropertyBinding Path="SiblingEntity" Target="MaterialPlant"/>
                </EntitySet>
                <EntitySet Name="A_SalesOrder" EntityType="materialmanagementService.A_SalesOrder"/>
            </EntityContainer>
            <EntityType Name="Materials">
                <Key>
                    <PropertyRef Name="ID"/>
                    <PropertyRef Name="MaterialNumber"/>
                    <PropertyRef Name="IsActiveEntity"/>
                </Key>
                <Property Name="createdAt" Type="Edm.DateTimeOffset" Precision="7"/>
                <Property Name="createdBy" Type="Edm.String" MaxLength="255"/>
                <Property Name="modifiedAt" Type="Edm.DateTimeOffset" Precision="7"/>
                <Property Name="modifiedBy" Type="Edm.String" MaxLength="255"/>
                <Property Name="ID" Type="Edm.Guid" Nullable="false"/>
                <Property Name="MaterialNumber" Type="Edm.String" MaxLength="40" Nullable="false"/>
                <Property Name="MaterialType" Type="Edm.String" MaxLength="4"/>
                <Property Name="MaterialGroup" Type="Edm.String" MaxLength="9"/>
                <Property Name="UnitOfMeasure" Type="Edm.String" MaxLength="3"/>
                <Property Name="LastChangeDate" Type="Edm.Date"/>
                <NavigationProperty Name="plant" Type="materialmanagementService.MaterialPlant" Partner="materials">
                    <ReferentialConstraint Property="plant_ID" ReferencedProperty="ID"/>
                    <ReferentialConstraint Property="plant_MaterialNumber" ReferencedProperty="MaterialNumber"/>
                </NavigationProperty>
                <Property Name="plant_ID" Type="Edm.Guid"/>
                <Property Name="plant_MaterialNumber" Type="Edm.String" MaxLength="40"/>
                <NavigationProperty Name="SalesOrderNumber" Type="materialmanagementService.A_SalesOrder">
                    <ReferentialConstraint Property="SalesOrderNumber_SalesOrder" ReferencedProperty="SalesOrder"/>
                </NavigationProperty>
                <Property Name="SalesOrderNumber_SalesOrder" Type="Edm.String" MaxLength="10"/>
                <Property Name="IsActiveEntity" Type="Edm.Boolean" Nullable="false" DefaultValue="true"/>
                <Property Name="HasActiveEntity" Type="Edm.Boolean" Nullable="false" DefaultValue="false"/>
                <Property Name="HasDraftEntity" Type="Edm.Boolean" Nullable="false" DefaultValue="false"/>
                <NavigationProperty Name="DraftAdministrativeData" Type="materialmanagementService.DraftAdministrativeData" ContainsTarget="true"/>
                <NavigationProperty Name="SiblingEntity" Type="materialmanagementService.Materials"/>
            </EntityType>
            <EntityType Name="MaterialPlant">
                <Key>
                    <PropertyRef Name="ID"/>
                    <PropertyRef Name="MaterialNumber"/>
                    <PropertyRef Name="IsActiveEntity"/>
                </Key>
                <Property Name="createdAt" Type="Edm.DateTimeOffset" Precision="7"/>
                <Property Name="createdBy" Type="Edm.String" MaxLength="255"/>
                <Property Name="modifiedAt" Type="Edm.DateTimeOffset" Precision="7"/>
                <Property Name="modifiedBy" Type="Edm.String" MaxLength="255"/>
                <Property Name="ID" Type="Edm.Guid" Nullable="false"/>
                <Property Name="MaterialNumber" Type="Edm.String" MaxLength="40" Nullable="false"/>
                <Property Name="Plant" Type="Edm.String" MaxLength="4"/>
                <Property Name="MaintanenceStatus" Type="Edm.String" MaxLength="15"/>
                <Property Name="PurchasingGroup" Type="Edm.String" MaxLength="3"/>
                <NavigationProperty Name="materials" Type="Collection(materialmanagementService.Materials)" Partner="plant"/>
                <Property Name="IsActiveEntity" Type="Edm.Boolean" Nullable="false" DefaultValue="true"/>
                <Property Name="HasActiveEntity" Type="Edm.Boolean" Nullable="false" DefaultValue="false"/>
                <Property Name="HasDraftEntity" Type="Edm.Boolean" Nullable="false" DefaultValue="false"/>
                <NavigationProperty Name="DraftAdministrativeData" Type="materialmanagementService.DraftAdministrativeData" ContainsTarget="true"/>
                <NavigationProperty Name="SiblingEntity" Type="materialmanagementService.MaterialPlant"/>
            </EntityType>
            <EntityType Name="A_SalesOrder">
                <Key>
                    <PropertyRef Name="SalesOrder"/>
                </Key>
                <Property Name="SalesOrder" Type="Edm.String" MaxLength="10" Nullable="false"/>
                <Property Name="SalesOrderType" Type="Edm.String" MaxLength="4"/>
                <Property Name="SalesGroup" Type="Edm.String" MaxLength="3"/>
                <Property Name="SoldToParty" Type="Edm.String" MaxLength="10"/>
                <Property Name="PurchaseOrderByShipToParty" Type="Edm.String" MaxLength="35"/>
            </EntityType>
            <EntityType Name="DraftAdministrativeData">
                <Key>
                    <PropertyRef Name="DraftUUID"/>
                </Key>
                <Property Name="DraftUUID" Type="Edm.Guid" Nullable="false"/>
                <Property Name="CreationDateTime" Type="Edm.DateTimeOffset" Precision="7"/>
                <Property Name="CreatedByUser" Type="Edm.String" MaxLength="256"/>
                <Property Name="DraftIsCreatedByMe" Type="Edm.Boolean"/>
                <Property Name="LastChangeDateTime" Type="Edm.DateTimeOffset" Precision="7"/>
                <Property Name="LastChangedByUser" Type="Edm.String" MaxLength="256"/>
                <Property Name="InProcessByUser" Type="Edm.String" MaxLength="256"/>
                <Property Name="DraftIsProcessedByMe" Type="Edm.Boolean"/>
            </EntityType>
            <Action Name="draftPrepare" IsBound="true" EntitySetPath="in">
                <Parameter Name="in" Type="materialmanagementService.Materials"/>
                <Parameter Name="SideEffectsQualifier" Type="Edm.String"/>
                <ReturnType Type="materialmanagementService.Materials"/>
            </Action>
            <Action Name="draftPrepare" IsBound="true" EntitySetPath="in">
                <Parameter Name="in" Type="materialmanagementService.MaterialPlant"/>
                <Parameter Name="SideEffectsQualifier" Type="Edm.String"/>
                <ReturnType Type="materialmanagementService.MaterialPlant"/>
            </Action>
            <Action Name="draftActivate" IsBound="true" EntitySetPath="in">
                <Parameter Name="in" Type="materialmanagementService.Materials"/>
                <ReturnType Type="materialmanagementService.Materials"/>
            </Action>
            <Action Name="draftActivate" IsBound="true" EntitySetPath="in">
                <Parameter Name="in" Type="materialmanagementService.MaterialPlant"/>
                <ReturnType Type="materialmanagementService.MaterialPlant"/>
            </Action>
            <Action Name="draftEdit" IsBound="true" EntitySetPath="in">
                <Parameter Name="in" Type="materialmanagementService.Materials"/>
                <Parameter Name="PreserveChanges" Type="Edm.Boolean"/>
                <ReturnType Type="materialmanagementService.Materials"/>
            </Action>
            <Action Name="draftEdit" IsBound="true" EntitySetPath="in">
                <Parameter Name="in" Type="materialmanagementService.MaterialPlant"/>
                <Parameter Name="PreserveChanges" Type="Edm.Boolean"/>
                <ReturnType Type="materialmanagementService.MaterialPlant"/>
            </Action>
            <Annotations Target="materialmanagementService.EntityContainer/Materials">
                <Annotation Term="Common.DraftRoot">
                    <Record Type="Common.DraftRootType">
                        <PropertyValue Property="ActivationAction" String="materialmanagementService.draftActivate"/>
                        <PropertyValue Property="EditAction" String="materialmanagementService.draftEdit"/>
                        <PropertyValue Property="PreparationAction" String="materialmanagementService.draftPrepare"/>
                    </Record>
                </Annotation>
            </Annotations>
            <Annotations Target="materialmanagementService.Materials/createdAt">
                <Annotation Term="UI.HiddenFilter" Bool="true"/>
                <Annotation Term="Core.Immutable" Bool="true"/>
                <Annotation Term="Core.Computed" Bool="true"/>
                <Annotation Term="Common.Label" String="{i18n>CreatedAt}"/>
                </Annotations>
                <Annotations Target="materialmanagementService.Materials/createdBy">
                    <Annotation Term="UI.HiddenFilter" Bool="true"/>
                    <Annotation Term="Core.Immutable" Bool="true"/>
                    <Annotation Term="Core.Computed" Bool="true"/>
                    <Annotation Term="Core.Description" String="{i18n>UserID.Description}"/>
                        <Annotation Term="Common.Label" String="{i18n>CreatedBy}"/>
                        </Annotations>
                        <Annotations Target="materialmanagementService.Materials/modifiedAt">
                            <Annotation Term="UI.HiddenFilter" Bool="true"/>
                            <Annotation Term="Core.Computed" Bool="true"/>
                            <Annotation Term="Common.Label" String="{i18n>ChangedAt}"/>
                            </Annotations>
                            <Annotations Target="materialmanagementService.Materials/modifiedBy">
                                <Annotation Term="UI.HiddenFilter" Bool="true"/>
                                <Annotation Term="Core.Computed" Bool="true"/>
                                <Annotation Term="Core.Description" String="{i18n>UserID.Description}"/>
                                    <Annotation Term="Common.Label" String="{i18n>ChangedBy}"/>
                                    </Annotations>
                                    <Annotations Target="materialmanagementService.Materials/ID">
                                        <Annotation Term="Core.ComputedDefaultValue" Bool="true"/>
                                    </Annotations>
                                    <Annotations Target="materialmanagementService.Materials/IsActiveEntity">
                                        <Annotation Term="UI.Hidden" Bool="true"/>
                                    </Annotations>
                                    <Annotations Target="materialmanagementService.Materials/HasActiveEntity">
                                        <Annotation Term="UI.Hidden" Bool="true"/>
                                    </Annotations>
                                    <Annotations Target="materialmanagementService.Materials/HasDraftEntity">
                                        <Annotation Term="UI.Hidden" Bool="true"/>
                                    </Annotations>
                                    <Annotations Target="materialmanagementService.Materials/DraftAdministrativeData">
                                        <Annotation Term="UI.Hidden" Bool="true"/>
                                    </Annotations>
                                    <Annotations Target="materialmanagementService.EntityContainer/MaterialPlant">
                                        <Annotation Term="Common.DraftRoot">
                                            <Record Type="Common.DraftRootType">
                                                <PropertyValue Property="ActivationAction" String="materialmanagementService.draftActivate"/>
                                                <PropertyValue Property="EditAction" String="materialmanagementService.draftEdit"/>
                                                <PropertyValue Property="PreparationAction" String="materialmanagementService.draftPrepare"/>
                                            </Record>
                                        </Annotation>
                                    </Annotations>
                                    <Annotations Target="materialmanagementService.MaterialPlant/createdAt">
                                        <Annotation Term="UI.HiddenFilter" Bool="true"/>
                                        <Annotation Term="Core.Immutable" Bool="true"/>
                                        <Annotation Term="Core.Computed" Bool="true"/>
                                        <Annotation Term="Common.Label" String="{i18n>CreatedAt}"/>
                                        </Annotations>
                                        <Annotations Target="materialmanagementService.MaterialPlant/createdBy">
                                            <Annotation Term="UI.HiddenFilter" Bool="true"/>
                                            <Annotation Term="Core.Immutable" Bool="true"/>
                                            <Annotation Term="Core.Computed" Bool="true"/>
                                            <Annotation Term="Core.Description" String="{i18n>UserID.Description}"/>
                                                <Annotation Term="Common.Label" String="{i18n>CreatedBy}"/>
                                                </Annotations>
                                                <Annotations Target="materialmanagementService.MaterialPlant/modifiedAt">
                                                    <Annotation Term="UI.HiddenFilter" Bool="true"/>
                                                    <Annotation Term="Core.Computed" Bool="true"/>
                                                    <Annotation Term="Common.Label" String="{i18n>ChangedAt}"/>
                                                    </Annotations>
                                                    <Annotations Target="materialmanagementService.MaterialPlant/modifiedBy">
                                                        <Annotation Term="UI.HiddenFilter" Bool="true"/>
                                                        <Annotation Term="Core.Computed" Bool="true"/>
                                                        <Annotation Term="Core.Description" String="{i18n>UserID.Description}"/>
                                                            <Annotation Term="Common.Label" String="{i18n>ChangedBy}"/>
                                                            </Annotations>
                                                            <Annotations Target="materialmanagementService.MaterialPlant/ID">
                                                                <Annotation Term="Core.ComputedDefaultValue" Bool="true"/>
                                                            </Annotations>
                                                            <Annotations Target="materialmanagementService.MaterialPlant/IsActiveEntity">
                                                                <Annotation Term="UI.Hidden" Bool="true"/>
                                                            </Annotations>
                                                            <Annotations Target="materialmanagementService.MaterialPlant/HasActiveEntity">
                                                                <Annotation Term="UI.Hidden" Bool="true"/>
                                                            </Annotations>
                                                            <Annotations Target="materialmanagementService.MaterialPlant/HasDraftEntity">
                                                                <Annotation Term="UI.Hidden" Bool="true"/>
                                                            </Annotations>
                                                            <Annotations Target="materialmanagementService.MaterialPlant/DraftAdministrativeData">
                                                                <Annotation Term="UI.Hidden" Bool="true"/>
                                                            </Annotations>
                                                            <Annotations Target="materialmanagementService.DraftAdministrativeData">
                                                                <Annotation Term="Common.Label" String="{i18n>Draft_DraftAdministrativeData}"/>
                                                                </Annotations>
                                                                <Annotations Target="materialmanagementService.DraftAdministrativeData/DraftUUID">
                                                                    <Annotation Term="UI.Hidden" Bool="true"/>
                                                                    <Annotation Term="Common.Label" String="{i18n>Draft_DraftUUID}"/>
                                                                        <Annotation Term="Core.ComputedDefaultValue" Bool="true"/>
                                                                    </Annotations>
                                                                    <Annotations Target="materialmanagementService.DraftAdministrativeData/CreationDateTime">
                                                                        <Annotation Term="Common.Label" String="{i18n>Draft_CreationDateTime}"/>
                                                                        </Annotations>
                                                                        <Annotations Target="materialmanagementService.DraftAdministrativeData/CreatedByUser">
                                                                            <Annotation Term="Common.Label" String="{i18n>Draft_CreatedByUser}"/>
                                                                            </Annotations>
                                                                            <Annotations Target="materialmanagementService.DraftAdministrativeData/DraftIsCreatedByMe">
                                                                                <Annotation Term="UI.Hidden" Bool="true"/>
                                                                                <Annotation Term="Common.Label" String="{i18n>Draft_DraftIsCreatedByMe}"/>
                                                                                </Annotations>
                                                                                <Annotations Target="materialmanagementService.DraftAdministrativeData/LastChangeDateTime">
                                                                                    <Annotation Term="Common.Label" String="{i18n>Draft_LastChangeDateTime}"/>
                                                                                    </Annotations>
                                                                                    <Annotations Target="materialmanagementService.DraftAdministrativeData/LastChangedByUser">
                                                                                        <Annotation Term="Common.Label" String="{i18n>Draft_LastChangedByUser}"/>
                                                                                        </Annotations>
                                                                                        <Annotations Target="materialmanagementService.DraftAdministrativeData/InProcessByUser">
                                                                                            <Annotation Term="Common.Label" String="{i18n>Draft_InProcessByUser}"/>
                                                                                            </Annotations>
                                                                                            <Annotations Target="materialmanagementService.DraftAdministrativeData/DraftIsProcessedByMe">
                                                                                                <Annotation Term="UI.Hidden" Bool="true"/>
                                                                                                <Annotation Term="Common.Label" String="{i18n>Draft_DraftIsProcessedByMe}"/>
                                                                                                </Annotations>
                                                                                            </Schema>
                                                                                        </edmx:DataServices>
                                                                                    </edmx:Edmx>