{
  "test/integration/pages/MaterialsList.js": 1704413727841,
  "test/integration/pages/MaterialsObjectPage.js": 1704413727841,
  "i18n/i18n.properties": 1704413763365,
  "test/integration/opaTests.qunit.js": 1704413727837,
  "test/integration/FirstJourney.js": 1704413727841,
  "test/testsuite.qunit.js": 1704413727829,
  "xs-app.json": 1704588282051,
  "manifest.json": 1704588282063,
  "Component.js": 1704413727821,
  "test/integration/opaTests.qunit-dbg.js": 1704413727837,
  "test/integration/opaTests.qunit.js.map": 1704588345975,
  "test/integration/pages/MaterialsList-dbg.js": 1704413727841,
  "test/integration/pages/MaterialsList.js.map": 1704588345970,
  "test/integration/pages/MaterialsObjectPage-dbg.js": 1704413727841,
  "test/integration/pages/MaterialsObjectPage.js.map": 1704588345963,
  "test/integration/FirstJourney-dbg.js": 1704413727841,
  "test/integration/FirstJourney.js.map": 1704588345970,
  "test/testsuite.qunit-dbg.js": 1704413727829,
  "test/testsuite.qunit.js.map": 1704588345969,
  "Component-dbg.js": 1704413727821,
  "Component.js.map": 1704588345972,
  "Component-preload.js": 1704588346101,
  "Component-preload.js.map": 1704588346101,
  "test/integration/opaTests.qunit.html": 1704413727837,
  "test/testsuite.qunit.html": 1704413727825,
  "test/flpSandbox.html": 1704413727825,
  "localService/metadata.xml": 1704413727825,
  "index.html": 1704413727821
}